,val_loss,epoch,step,timestamp,checkpoint_dir_name,should_checkpoint,done,training_iteration,trial_id,date,time_this_iter_s,time_total_s,pid,hostname,node_ip,time_since_restore,iterations_since_restore,config/train_loop_config/model,config/train_loop_config/seed,config/train_loop_config/hidden_channels,config/train_loop_config/num_layers,config/train_loop_config/heads,config/train_loop_config/lr,config/train_loop_config/batch_size,config/train_loop_config/scheduler,config/train_loop_config/dropout,logdir
0,6.226700305938721,3,1408,1719707797,checkpoint_000003,True,True,4,adffa_00000,2024-06-29_17-36-37,8.457175970077515,49.68704915046692,89877,frank,128.111.185.22,49.68704915046692,4,gat-v4,37840,"[32, 64, 64]",3,"[2, 2, 3]",0.05986430740619104,1,ExponentialLR,0.3,adffa_00000
1,0.894459068775177,3,1408,1719707790,checkpoint_000003,True,True,4,adffa_00001,2024-06-29_17-36-30,6.404407024383545,42.96839165687561,89878,frank,128.111.185.22,42.96839165687561,4,gat,13368,128,3,1,0.0008518846013683299,1,ExponentialLR,0.8,adffa_00001
2,0.8414619565010071,3,44,1719707774,checkpoint_000003,True,True,4,adffa_00002,2024-06-29_17-36-14,2.522379159927368,27.395736932754517,89879,frank,128.111.185.22,27.395736932754517,4,gcn,57876,128,3,,0.02350229884316922,32,LambdaLR,0.8,adffa_00002
3,29.562944412231445,3,1408,1719707794,checkpoint_000003,True,True,4,adffa_00003,2024-06-29_17-36-34,7.653547048568726,47.6387403011322,89880,frank,128.111.185.22,47.6387403011322,4,gat-v4,24809,"[64, 128, 128]",2,"[2, 3, 4]",0.0957195268432987,1,LambdaLR,0.3,adffa_00003
4,1.5661704540252686,3,352,1719707780,checkpoint_000003,True,True,4,adffa_00004,2024-06-29_17-36-20,4.042773962020874,33.74573612213135,89881,frank,128.111.185.22,33.74573612213135,4,gat,34311,256,4,2,0.004190578927192524,4,StepLR,0.1,adffa_00004
5,0.835334300994873,99,1100,1719707984,checkpoint_000099,True,True,100,adffa_00005,2024-06-29_17-39-44,2.1616127490997314,236.96115827560425,89883,frank,128.111.185.22,236.96115827560425,100,gcn,36983,32,4,,0.06485761193009264,32,CosineAnnealingLR,0.8,adffa_00005
6,0.8445353507995605,3,44,1719707773,checkpoint_000003,True,True,4,adffa_00006,2024-06-29_17-36-13,2.517798662185669,26.77501654624939,89882,frank,128.111.185.22,26.77501654624939,4,gat-v4,37864,"[32, 64, 64]",4,"[2, 2, 3]",0.018323646090783414,32,StepLR,0.3,adffa_00006
7,0.8645520210266113,3,88,1719707805,checkpoint_000003,True,True,4,adffa_00007,2024-06-29_17-36-45,2.7206594944000244,26.333664655685425,102223,frank,128.111.185.22,26.333664655685425,4,gat,32970,32,2,4,0.0014489431385991006,16,CosineAnnealingLR,0.3,adffa_00007
8,0.7923054695129395,99,8800,1719708143,checkpoint_000099,True,True,100,adffa_00008,2024-06-29_17-42-23,3.3568780422210693,362.1368021965027,102499,frank,128.111.185.22,362.1368021965027,100,gcn,57425,128,4,,0.0002389988912103424,4,ReduceLROnPlateau,0.1,adffa_00008
9,0.8622603416442871,3,88,1719707813,checkpoint_000003,True,True,4,adffa_00009,2024-06-29_17-36-53,3.1456496715545654,27.74667239189148,103516,frank,128.111.185.22,27.74667239189148,4,gat-v4,9653,"[32, 64, 64]",3,"[4, 4, 4]",0.000718873423175443,16,LambdaLR,0.1,adffa_00009
10,0.8599483370780945,3,88,1719707821,checkpoint_000003,True,True,4,adffa_00010,2024-06-29_17-37-01,2.5652565956115723,25.192101001739502,105061,frank,128.111.185.22,25.192101001739502,4,gat,59152,8,3,1,0.03329888686502717,16,CosineAnnealingLR,0.3,adffa_00010
11,0.7960747480392456,99,8800,1719708188,checkpoint_000099,True,True,100,adffa_00011,2024-06-29_17-43-08,3.789302349090576,387.7805576324463,107186,frank,128.111.185.22,387.7805576324463,100,gcn,65248,32,2,,0.04874395470245512,4,LambdaLR,0.8,adffa_00011
12,0.8202043175697327,31,11264,1719708067,checkpoint_000031,True,True,32,adffa_00012,2024-06-29_17-41-07,7.906833171844482,264.50531029701233,108286,frank,128.111.185.22,264.50531029701233,32,gat-v4,39373,"[64, 128, 128]",4,"[2, 2, 3]",0.00277542008713052,1,ReduceLROnPlateau,0.1,adffa_00012
13,2.849257230758667,3,44,1719707834,checkpoint_000003,True,True,4,adffa_00013,2024-06-29_17-37-14,2.2604165077209473,24.166972398757935,111048,frank,128.111.185.22,24.166972398757935,4,gat,49451,32,2,1,0.00038736399852559614,32,ExponentialLR,0.3,adffa_00013
14,0.8820925354957581,3,88,1719707842,checkpoint_000003,True,True,4,adffa_00014,2024-06-29_17-37-22,2.1335437297821045,23.64016103744507,113661,frank,128.111.185.22,23.64016103744507,4,gcn,39011,8,4,,0.0014133514543796966,16,LambdaLR,0.8,adffa_00014
15,0.8350231051445007,3,44,1719707854,checkpoint_000003,True,True,4,adffa_00015,2024-06-29_17-37-34,3.3777287006378174,28.56982398033142,117409,frank,128.111.185.22,28.56982398033142,4,gat-v4,35411,"[64, 128, 128]",2,"[2, 2, 3]",0.0012497772524106478,32,ReduceLROnPlateau,0.8,adffa_00015
16,0.8247019648551941,3,1408,1719707881,checkpoint_000003,True,True,4,adffa_00016,2024-06-29_17-38-01,6.6287572383880615,41.2570743560791,122359,frank,128.111.185.22,41.2570743560791,4,gat,26971,128,3,2,0.00044477841209246866,1,CosineAnnealingLR,0.8,adffa_00016
17,0.8585713505744934,31,2816,1719707959,checkpoint_000031,True,True,32,adffa_00017,2024-06-29_17-39-19,3.09542179107666,110.92043232917786,125281,frank,128.111.185.22,110.92043232917786,32,gcn,16366,32,3,,0.0012010205476210964,4,ExponentialLR,0.1,adffa_00017
18,0.821984052658081,3,1408,1719707907,checkpoint_000003,True,True,4,adffa_00018,2024-06-29_17-38-27,7.719452857971191,47.41597080230713,128687,frank,128.111.185.22,47.41597080230713,4,gat-v4,46850,"[32, 64, 64]",4,"[2, 2, 3]",0.00014921858722078123,1,StepLR,0.8,adffa_00018
19,1.2210108041763306,3,88,1719707915,checkpoint_000003,True,True,4,adffa_00019,2024-06-29_17-38-35,2.632685422897339,28.4368793964386,136659,frank,128.111.185.22,28.4368793964386,4,gat,36173,8,3,1,0.00044076422834433905,16,LambdaLR,0.3,adffa_00019
20,0.8593533635139465,3,88,1719707948,checkpoint_000003,True,True,4,adffa_00020,2024-06-29_17-39-08,3.2219080924987793,35.512762784957886,143403,frank,128.111.185.22,35.512762784957886,4,gcn,58604,128,3,,0.0004932632945669907,16,StepLR,0.3,adffa_00020
21,0.8613378405570984,3,88,1719707950,checkpoint_000003,True,True,4,adffa_00021,2024-06-29_17-39-10,3.114588499069214,29.416061401367188,145392,frank,128.111.185.22,29.416061401367188,4,gat-v4,33206,"[32, 64, 64]",4,"[2, 3, 4]",0.0005800820607880341,16,CosineAnnealingLR,0.8,adffa_00021
22,0.825217604637146,3,352,1719707981,checkpoint_000003,True,True,4,adffa_00022,2024-06-29_17-39-41,3.1562325954437256,27.510284662246704,154920,frank,128.111.185.22,27.510284662246704,4,gat,4653,8,2,1,0.0004663306189284382,4,ReduceLROnPlateau,0.3,adffa_00022
23,0.859994113445282,3,88,1719707984,checkpoint_000003,True,True,4,adffa_00023,2024-06-29_17-39-44,3.2363827228546143,28.329174280166626,155510,frank,128.111.185.22,28.329174280166626,4,gcn,46659,128,4,,0.014091994822642232,16,ReduceLROnPlateau,0.8,adffa_00023
24,0.7933672070503235,31,2816,1719708106,checkpoint_000031,True,True,32,adffa_00024,2024-06-29_17-41-46,3.7826075553894043,141.880859375,157338,frank,128.111.185.22,141.880859375,32,gat-v4,55437,"[64, 128, 128]",2,"[2, 2, 3]",0.00028241844228598143,4,StepLR,0.1,adffa_00024
25,0.8314093351364136,3,1408,1719708035,checkpoint_000003,True,True,4,adffa_00025,2024-06-29_17-40-35,8.04727554321289,48.049439430236816,166170,frank,128.111.185.22,48.049439430236816,4,gat,24337,256,4,4,0.004317869568811083,1,LambdaLR,0.1,adffa_00025
26,0.8162779808044434,3,1408,1719708026,checkpoint_000003,True,True,4,adffa_00026,2024-06-29_17-40-26,5.005857706069946,35.857062101364136,166853,frank,128.111.185.22,35.857062101364136,4,gcn,44251,32,3,,0.00015421684447739043,1,ExponentialLR,0.8,adffa_00026
27,0.8098869919776917,3,352,1719708024,checkpoint_000003,True,True,4,adffa_00027,2024-06-29_17-40-24,4.76047158241272,34.44277095794678,166854,frank,128.111.185.22,34.44277095794678,4,gat-v4,33476,"[64, 128, 128]",2,"[4, 4, 4]",0.0004968169963846349,4,ReduceLROnPlateau,0.1,adffa_00027
28,0.828713059425354,3,352,1719708058,checkpoint_000003,True,True,4,adffa_00028,2024-06-29_17-40-58,3.5209085941314697,28.735244750976562,177684,frank,128.111.185.22,28.735244750976562,4,gat,64701,8,4,2,0.010396616270190723,4,ExponentialLR,0.1,adffa_00028
29,0.9304654598236084,3,88,1719708059,checkpoint_000003,True,True,4,adffa_00029,2024-06-29_17-40-59,2.934662342071533,27.54472851753235,178094,frank,128.111.185.22,27.54472851753235,4,gcn,14117,128,2,,0.005351410919395077,16,LambdaLR,0.3,adffa_00029
30,0.8105571866035461,3,352,1719708072,checkpoint_000003,True,True,4,adffa_00030,2024-06-29_17-41-12,4.134383201599121,31.845948219299316,179647,frank,128.111.185.22,31.845948219299316,4,gat-v4,60571,"[8, 16, 12]",2,"[2, 2, 3]",0.018400551911381253,4,ReduceLROnPlateau,0.1,adffa_00030
31,0.970906138420105,3,352,1719708097,checkpoint_000003,True,True,4,adffa_00031,2024-06-29_17-41-37,4.44634485244751,33.43935179710388,187643,frank,128.111.185.22,33.43935179710388,4,gat,41383,128,4,1,0.0004896312850123383,4,LambdaLR,0.3,adffa_00031
32,0.7954849600791931,31,2816,1719708172,checkpoint_000031,True,True,32,adffa_00032,2024-06-29_17-42-52,2.7440457344055176,106.36037850379944,188175,frank,128.111.185.22,106.36037850379944,32,gcn,51803,8,2,,0.014462053306625805,4,ExponentialLR,0.1,adffa_00032
33,0.864922821521759,3,88,1719708102,checkpoint_000003,True,True,4,adffa_00033,2024-06-29_17-41-42,3.1279757022857666,29.20877718925476,189650,frank,128.111.185.22,29.20877718925476,4,gat-v4,16142,"[8, 16, 12]",4,"[4, 4, 4]",0.01871526870257373,16,StepLR,0.3,adffa_00033
34,0.8746652007102966,3,352,1719708105,checkpoint_000003,True,True,4,adffa_00034,2024-06-29_17-41-45,3.319988250732422,28.47698974609375,190314,frank,128.111.185.22,28.47698974609375,4,gat,14821,32,4,4,0.0033247519523572403,4,ReduceLROnPlateau,0.1,adffa_00034
35,0.8806985020637512,3,44,1719708131,checkpoint_000003,True,True,4,adffa_00035,2024-06-29_17-42-11,3.1812329292297363,28.219711542129517,200056,frank,128.111.185.22,28.219711542129517,4,gcn,16197,32,4,,0.00021252111328540834,32,CosineAnnealingLR,0.3,adffa_00035
36,0.8195697069168091,3,1408,1719708154,checkpoint_000003,True,True,4,adffa_00036,2024-06-29_17-42-34,7.686852216720581,46.44387984275818,201308,frank,128.111.185.22,46.44387984275818,4,gat-v4,10371,"[8, 16, 12]",4,"[2, 3, 4]",0.00016468611866886463,1,LambdaLR,0.8,adffa_00036
37,0.9844089150428772,3,352,1719708140,checkpoint_000003,True,True,4,adffa_00037,2024-06-29_17-42-20,3.6907355785369873,29.8353111743927,202069,frank,128.111.185.22,29.8353111743927,4,gat,52672,128,4,4,0.00025285709806493155,4,ExponentialLR,0.3,adffa_00037
38,0.8939993977546692,3,44,1719708137,checkpoint_000003,True,True,4,adffa_00038,2024-06-29_17-42-17,2.332822322845459,24.54453706741333,202388,frank,128.111.185.22,24.54453706741333,4,gcn,64028,32,3,,0.0022601330996891438,32,LambdaLR,0.8,adffa_00038
39,0.7961186766624451,31,2816,1719708283,checkpoint_000031,True,True,32,adffa_00039,2024-06-29_17-44-43,4.068373203277588,145.7175316810608,211485,frank,128.111.185.22,145.7175316810608,32,gat-v4,40492,"[32, 64, 64]",3,"[2, 2, 3]",0.0004210298289934968,4,ExponentialLR,0.8,adffa_00039
40,0.9718353152275085,3,44,1719708172,checkpoint_000003,True,True,4,adffa_00040,2024-06-29_17-42-52,3.405961036682129,29.172001838684082,213012,frank,128.111.185.22,29.172001838684082,4,gat,9839,256,2,1,0.004301084690046882,32,LambdaLR,0.1,adffa_00040
41,0.8622338175773621,3,88,1719708172,checkpoint_000003,True,True,4,adffa_00041,2024-06-29_17-42-52,2.7592837810516357,26.727793216705322,213740,frank,128.111.185.22,26.727793216705322,4,gcn,5990,128,4,,0.02630199214485131,16,ReduceLROnPlateau,0.1,adffa_00041
42,4717036437504.0,3,352,1719708179,checkpoint_000003,True,True,4,adffa_00042,2024-06-29_17-42-59,3.8331055641174316,30.51565647125244,214256,frank,128.111.185.22,30.51565647125244,4,gat-v4,53730,"[64, 128, 128]",4,"[2, 2, 3]",0.0591958466435786,4,ReduceLROnPlateau,0.8,adffa_00042
43,0.8523152470588684,3,352,1719708191,checkpoint_000003,True,True,4,adffa_00043,2024-06-29_17-43-11,4.097382545471191,31.580878734588623,217125,frank,128.111.185.22,31.580878734588623,4,gat,13081,32,4,1,0.0005895158860845331,4,ReduceLROnPlateau,0.1,adffa_00043
44,0.8810836672782898,3,44,1719708205,checkpoint_000003,True,True,4,adffa_00044,2024-06-29_17-43-25,2.764291763305664,27.0343599319458,224612,frank,128.111.185.22,27.0343599319458,4,gcn,55927,32,2,,0.08080395680242777,32,ExponentialLR,0.8,adffa_00044
45,8.564545631408691,3,88,1719708207,checkpoint_000003,True,True,4,adffa_00045,2024-06-29_17-43-27,3.4424889087677,29.81493043899536,224613,frank,128.111.185.22,29.81493043899536,4,gat-v4,20608,"[64, 128, 128]",3,"[2, 2, 3]",0.052630454405504484,16,ReduceLROnPlateau,0.8,adffa_00045
46,0.8596201539039612,3,1408,1719708217,checkpoint_000003,True,True,4,adffa_00046,2024-06-29_17-43-37,5.875823259353638,39.71772480010986,224614,frank,128.111.185.22,39.71772480010986,4,gat,39074,128,2,2,0.0040075080019048226,1,ExponentialLR,0.3,adffa_00046
47,0.9403724670410156,3,88,1719708209,checkpoint_000003,True,True,4,adffa_00047,2024-06-29_17-43-29,2.4033682346343994,24.776858806610107,227369,frank,128.111.185.22,24.776858806610107,4,gcn,25092,32,4,,0.00045936102234789397,16,StepLR,0.3,adffa_00047
48,0.8734389543533325,3,1408,1719708243,checkpoint_000003,True,True,4,adffa_00048,2024-06-29_17-44-03,8.61023235321045,49.44490075111389,229081,frank,128.111.185.22,49.44490075111389,4,gat-v4,27604,"[64, 128, 128]",2,"[2, 3, 4]",0.005961698857172789,1,LambdaLR,0.1,adffa_00048
49,0.8096436262130737,3,352,1719708229,checkpoint_000003,True,True,4,adffa_00049,2024-06-29_17-43-49,4.109784841537476,32.430073499679565,229339,frank,128.111.185.22,32.430073499679565,4,gat,45529,8,4,1,0.0007480157244408123,4,StepLR,0.8,adffa_00049
50,0.8654747605323792,3,88,1719708234,checkpoint_000003,True,True,4,adffa_00050,2024-06-29_17-43-54,2.3654215335845947,24.328975677490234,236138,frank,128.111.185.22,24.328975677490234,4,gcn,42623,8,4,,0.08676844142656638,16,ReduceLROnPlateau,0.3,adffa_00050
51,0.7961462140083313,31,2816,1719708340,checkpoint_000031,True,True,32,adffa_00051,2024-06-29_17-45-40,3.5558745861053467,126.78191876411438,236650,frank,128.111.185.22,126.78191876411438,32,gat-v4,11102,"[32, 64, 64]",3,"[2, 3, 4]",0.0015410912038511394,4,CosineAnnealingLR,0.1,adffa_00051
52,0.8057087063789368,31,2816,1719708341,checkpoint_000031,True,True,32,adffa_00052,2024-06-29_17-45-41,3.654766321182251,125.96747326850891,238021,frank,128.111.185.22,125.96747326850891,32,gat,45142,8,4,2,0.00031304334426669815,4,StepLR,0.3,adffa_00052
53,0.8246175646781921,3,1408,1719708258,checkpoint_000003,True,True,4,adffa_00053,2024-06-29_17-44-18,4.985833644866943,35.31127309799194,240612,frank,128.111.185.22,35.31127309799194,4,gcn,46985,32,2,,0.00032155300174734877,1,LambdaLR,0.8,adffa_00053
54,0.7947795987129211,31,2816,1719708373,checkpoint_000031,True,True,32,adffa_00054,2024-06-29_17-46-13,3.8785243034362793,138.46627068519592,245648,frank,128.111.185.22,138.46627068519592,32,gat-v4,35049,"[32, 64, 64]",4,"[4, 4, 4]",0.0028125353167457465,4,StepLR,0.8,adffa_00054
55,0.8200483918190002,3,352,1719708267,checkpoint_000003,True,True,4,adffa_00055,2024-06-29_17-44-27,3.0122344493865967,27.035594940185547,246683,frank,128.111.185.22,27.035594940185547,4,gat,47075,32,2,4,0.011499812526513288,4,CosineAnnealingLR,0.3,adffa_00055
56,0.8290279507637024,3,44,1719708274,checkpoint_000003,True,True,4,adffa_00056,2024-06-29_17-44-34,2.4184536933898926,24.598355770111084,249498,frank,128.111.185.22,24.598355770111084,4,gcn,41306,32,2,,0.09563936627260847,32,StepLR,0.3,adffa_00056
57,1.1021479368209839,3,1408,1719708312,checkpoint_000003,True,True,4,adffa_00057,2024-06-29_17-45-12,8.055258750915527,48.47056746482849,254744,frank,128.111.185.22,48.47056746482849,4,gat-v4,57799,"[32, 64, 64]",4,"[2, 2, 3]",0.0400912277745246,1,CosineAnnealingLR,0.1,adffa_00057
58,1.2644462585449219,3,1408,1719708316,checkpoint_000003,True,True,4,adffa_00058,2024-06-29_17-45-16,7.144330978393555,43.877089738845825,257640,frank,128.111.185.22,43.877089738845825,4,gat,35812,256,3,1,0.00024731388757104485,1,ExponentialLR,0.1,adffa_00058
59,0.8727396130561829,31,2816,1719708395,checkpoint_000031,True,True,32,adffa_00059,2024-06-29_17-46-35,3.0418365001678467,115.91483545303345,259214,frank,128.111.185.22,115.91483545303345,32,gcn,15058,32,4,,0.00021711823642690134,4,StepLR,0.3,adffa_00059
60,0.8593044281005859,3,88,1719708317,checkpoint_000003,True,True,4,adffa_00060,2024-06-29_17-45-17,2.9908668994903564,27.753413677215576,262170,frank,128.111.185.22,27.753413677215576,4,gat-v4,42003,"[64, 128, 128]",2,"[2, 2, 3]",0.0002257953092099769,16,LambdaLR,0.3,adffa_00060
61,0.8178536891937256,3,1408,1719708362,checkpoint_000003,True,True,4,adffa_00061,2024-06-29_17-46-02,6.964874029159546,43.97223258018494,271329,frank,128.111.185.22,43.97223258018494,4,gat,65475,128,3,1,0.00032267987614815455,1,CosineAnnealingLR,0.1,adffa_00061
62,0.8946556448936462,3,88,1719708347,checkpoint_000003,True,True,4,adffa_00062,2024-06-29_17-45-47,2.9373726844787598,26.728371143341064,271976,frank,128.111.185.22,26.728371143341064,4,gcn,50159,8,3,,0.0040759079455842855,16,ReduceLROnPlateau,0.3,adffa_00062
63,0.8180589079856873,3,1408,1719708369,checkpoint_000003,True,True,4,adffa_00063,2024-06-29_17-46-09,7.430516481399536,46.19849729537964,272409,frank,128.111.185.22,46.19849729537964,4,gat-v4,31905,"[8, 16, 12]",2,"[2, 3, 4]",0.01017166135732347,1,ExponentialLR,0.3,adffa_00063
64,0.8152434229850769,3,352,1719708376,checkpoint_000003,True,True,4,adffa_00064,2024-06-29_17-46-16,3.630340337753296,29.82576084136963,280427,frank,128.111.185.22,29.82576084136963,4,gat,39589,128,4,2,0.011718119940525558,4,LambdaLR,0.8,adffa_00064
65,0.8499506115913391,3,44,1719708371,checkpoint_000003,True,True,4,adffa_00065,2024-06-29_17-46-11,2.44099760055542,24.882648229599,280430,frank,128.111.185.22,24.882648229599,4,gcn,30027,32,4,,0.002482266600641685,32,ExponentialLR,0.3,adffa_00065
66,0.8612520098686218,3,88,1719708383,checkpoint_000003,True,True,4,adffa_00066,2024-06-29_17-46-24,3.738284111022949,30.42573833465576,282016,frank,128.111.185.22,30.42573833465576,4,gat-v4,29375,"[64, 128, 128]",2,"[2, 2, 3]",0.00015972554867170084,16,LambdaLR,0.3,adffa_00066
67,0.8809323310852051,3,1408,1719708410,checkpoint_000003,True,True,4,adffa_00067,2024-06-29_17-46-50,6.810766220092773,43.20981502532959,286317,frank,128.111.185.22,43.20981502532959,4,gat,28147,8,3,4,0.006414197962478079,1,StepLR,0.3,adffa_00067
68,0.7947216629981995,31,2816,1719708484,checkpoint_000031,True,True,32,adffa_00068,2024-06-29_17-48-04,2.9597980976104736,110.00370216369629,288801,frank,128.111.185.22,110.00370216369629,32,gcn,30813,32,2,,0.018610546412267268,4,ExponentialLR,0.3,adffa_00068
69,0.868783175945282,3,44,1719708403,checkpoint_000003,True,True,4,adffa_00069,2024-06-29_17-46-43,3.091299057006836,27.56395196914673,289226,frank,128.111.185.22,27.56395196914673,4,gat-v4,32318,"[64, 128, 128]",4,"[2, 2, 3]",0.00031408132363643966,32,CosineAnnealingLR,0.1,adffa_00069
70,0.8692449927330017,3,88,1719708404,checkpoint_000003,True,True,4,adffa_00070,2024-06-29_17-46-44,2.3627660274505615,24.813008546829224,289819,frank,128.111.185.22,24.813008546829224,4,gat,62988,32,3,2,0.0043258625543925785,16,ReduceLROnPlateau,0.8,adffa_00070
71,0.8598610758781433,3,88,1719708409,checkpoint_000003,True,True,4,adffa_00071,2024-06-29_17-46-49,3.0451865196228027,27.88472008705139,290306,frank,128.111.185.22,27.88472008705139,4,gcn,1171,128,4,,0.03798891537818753,16,ReduceLROnPlateau,0.1,adffa_00071
72,0.815143346786499,3,1408,1719708439,checkpoint_000003,True,True,4,adffa_00072,2024-06-29_17-47-19,8.403664350509644,49.86318302154541,292680,frank,128.111.185.22,49.86318302154541,4,gat-v4,45696,"[64, 128, 128]",3,"[2, 3, 4]",0.00013999746066871492,1,ExponentialLR,0.3,adffa_00072
73,0.8297531008720398,31,2816,1719708542,checkpoint_000031,True,True,32,adffa_00073,2024-06-29_17-49-02,3.8291473388671875,141.78530311584473,297866,frank,128.111.185.22,141.78530311584473,32,gat,46539,128,3,1,0.0003790940946505145,4,ExponentialLR,0.3,adffa_00073
74,0.8193762302398682,3,1408,1719708447,checkpoint_000003,True,True,4,adffa_00074,2024-06-29_17-47-27,5.6173317432403564,38.122446060180664,301252,frank,128.111.185.22,38.122446060180664,4,gcn,2831,128,4,,0.00023769371009370972,1,ExponentialLR,0.1,adffa_00074
75,125.56605529785156,3,1408,1719708458,checkpoint_000003,True,True,4,adffa_00075,2024-06-29_17-47-38,8.46561074256897,49.30880570411682,301253,frank,128.111.185.22,49.30880570411682,4,gat-v4,4671,"[8, 16, 12]",2,"[2, 3, 4]",0.04146256480379901,1,ReduceLROnPlateau,0.1,adffa_00075
76,3.526067018508911,3,88,1719708439,checkpoint_000003,True,True,4,adffa_00076,2024-06-29_17-47-19,2.488175630569458,25.429491758346558,302376,frank,128.111.185.22,25.429491758346558,4,gat,23571,8,2,1,0.00014760391786544722,16,CosineAnnealingLR,0.1,adffa_00076
77,0.9228748679161072,3,88,1719708441,checkpoint_000003,True,True,4,adffa_00077,2024-06-29_17-47-21,2.4417057037353516,25.192182064056396,302839,frank,128.111.185.22,25.192182064056396,4,gcn,65320,128,2,,0.02753215052449357,16,ExponentialLR,0.3,adffa_00077
78,0.8623178601264954,3,88,1719708472,checkpoint_000003,True,True,4,adffa_00078,2024-06-29_17-47-52,3.355955123901367,28.381408214569092,313085,frank,128.111.185.22,28.381408214569092,4,gat-v4,50238,"[8, 16, 12]",3,"[2, 3, 4]",0.00021225672605801056,16,CosineAnnealingLR,0.3,adffa_00078
79,0.8007509112358093,3,352,1719708475,checkpoint_000003,True,True,4,adffa_00079,2024-06-29_17-47-55,3.468125104904175,29.173766374588013,313616,frank,128.111.185.22,29.173766374588013,4,gat,23676,8,2,1,0.006192385849389972,4,ExponentialLR,0.1,adffa_00079
80,0.9455042481422424,3,88,1719708475,checkpoint_000003,True,True,4,adffa_00080,2024-06-29_17-47-55,2.8890345096588135,27.36581039428711,313984,frank,128.111.185.22,27.36581039428711,4,gcn,55144,32,2,,0.03460709709943211,16,ExponentialLR,0.3,adffa_00080
81,0.7939258217811584,31,2816,1719708591,checkpoint_000031,True,True,32,adffa_00081,2024-06-29_17-49-51,4.018961429595947,139.08680176734924,314761,frank,128.111.185.22,139.08680176734924,32,gat-v4,48571,"[32, 64, 64]",2,"[2, 3, 4]",0.0005527627901482505,4,ExponentialLR,0.1,adffa_00081
82,0.837230384349823,3,44,1719708493,checkpoint_000003,True,True,4,adffa_00082,2024-06-29_17-48-13,3.5161821842193604,29.450588941574097,317729,frank,128.111.185.22,29.450588941574097,4,gat,32951,128,4,4,0.0003272224344326281,32,CosineAnnealingLR,0.3,adffa_00082
83,0.8422159552574158,3,1408,1719708514,checkpoint_000003,True,True,4,adffa_00083,2024-06-29_17-48-34,5.170005559921265,36.658865451812744,323880,frank,128.111.185.22,36.658865451812744,4,gcn,5216,128,3,,0.0025597306210022545,1,ReduceLROnPlateau,0.8,adffa_00083
84,0.8306472301483154,3,1408,1719708528,checkpoint_000003,True,True,4,adffa_00084,2024-06-29_17-48-48,8.460985660552979,47.5634560585022,324576,frank,128.111.185.22,47.5634560585022,4,gat-v4,462,"[8, 16, 12]",3,"[2, 3, 4]",0.00011518509528725158,1,LambdaLR,0.3,adffa_00084
85,1.9426456689834595,31,2816,1719708625,checkpoint_000031,True,True,32,adffa_00085,2024-06-29_17-50-25,4.160118579864502,143.87182998657227,324577,frank,128.111.185.22,143.87182998657227,32,gat,19142,32,4,2,0.04171020958992032,4,ExponentialLR,0.8,adffa_00085
86,0.8445290923118591,3,44,1719708516,checkpoint_000003,True,True,4,adffa_00086,2024-06-29_17-48-36,2.677765369415283,26.45738196372986,327464,frank,128.111.185.22,26.45738196372986,4,gcn,23995,32,3,,0.00510223558072291,32,StepLR,0.1,adffa_00086
87,0.8227720856666565,3,352,1719708530,checkpoint_000003,True,True,4,adffa_00087,2024-06-29_17-48-50,3.844663619995117,30.877081871032715,329874,frank,128.111.185.22,30.877081871032715,4,gat-v4,12905,"[8, 16, 12]",3,"[2, 2, 3]",0.00931666660284389,4,CosineAnnealingLR,0.1,adffa_00087
88,0.8608071804046631,3,1408,1719708570,checkpoint_000003,True,True,4,adffa_00088,2024-06-29_17-49-30,8.412104845046997,49.953983306884766,338096,frank,128.111.185.22,49.953983306884766,4,gat,49949,128,4,1,0.0010886363053442245,1,LambdaLR,0.1,adffa_00088
89,0.8027636408805847,3,352,1719708551,checkpoint_000003,True,True,4,adffa_00089,2024-06-29_17-49-11,3.4076507091522217,29.21241283416748,338432,frank,128.111.185.22,29.21241283416748,4,gcn,32934,8,4,,0.00021090250508681144,4,ReduceLROnPlateau,0.1,adffa_00089
90,0.866722822189331,3,88,1719708561,checkpoint_000003,True,True,4,adffa_00090,2024-06-29_17-49-21,2.8881773948669434,27.30904197692871,340783,frank,128.111.185.22,27.30904197692871,4,gat-v4,45803,"[32, 64, 64]",4,"[2, 2, 3]",0.006385444690428092,16,CosineAnnealingLR,0.3,adffa_00090
91,0.8336274027824402,3,1408,1719708576,checkpoint_000003,True,True,4,adffa_00091,2024-06-29_17-49-36,6.36130952835083,40.294132232666016,341170,frank,128.111.185.22,40.294132232666016,4,gat,43272,8,2,4,0.022215971340310888,1,ReduceLROnPlateau,0.1,adffa_00091
92,76.63257598876953,3,88,1719708575,checkpoint_000003,True,True,4,adffa_00092,2024-06-29_17-49-35,3.1507086753845215,28.10346293449402,345325,frank,128.111.185.22,28.10346293449402,4,gcn,19029,8,3,,0.00020688935984266725,16,ExponentialLR,0.3,adffa_00092
93,0.8344270586967468,3,44,1719708586,checkpoint_000003,True,True,4,adffa_00093,2024-06-29_17-49-46,3.2445127964019775,29.28997302055359,349156,frank,128.111.185.22,29.28997302055359,4,gat-v4,2023,"[8, 16, 12]",3,"[2, 3, 4]",0.011957901942911625,32,LambdaLR,0.8,adffa_00093
94,1.796250820159912,3,1408,1719708615,checkpoint_000003,True,True,4,adffa_00094,2024-06-29_17-50-15,7.946564197540283,48.09781265258789,352009,frank,128.111.185.22,48.09781265258789,4,gat,23203,8,4,4,0.06383566644096247,1,CosineAnnealingLR,0.1,adffa_00094
95,0.8099675178527832,3,352,1719708604,checkpoint_000003,True,True,4,adffa_00095,2024-06-29_17-50-04,3.354186773300171,29.251723766326904,353370,frank,128.111.185.22,29.251723766326904,4,gcn,58923,128,3,,0.027010116630071933,4,LambdaLR,0.1,adffa_00095
96,9.612357139587402,3,1408,1719708628,checkpoint_000003,True,True,4,adffa_00096,2024-06-29_17-50-28,8.152703046798706,47.64242649078369,355313,frank,128.111.185.22,47.64242649078369,4,gat-v4,3319,"[32, 64, 64]",3,"[4, 4, 4]",0.08577598508133309,1,CosineAnnealingLR,0.3,adffa_00096
97,0.8061465620994568,3,352,1719708610,checkpoint_000003,True,True,4,adffa_00097,2024-06-29_17-50-10,3.1993675231933594,28.13934850692749,355797,frank,128.111.185.22,28.13934850692749,4,gat,41623,32,2,1,0.04672666659762311,4,LambdaLR,0.8,adffa_00097
98,0.8295673131942749,3,1408,1719708626,checkpoint_000003,True,True,4,adffa_00098,2024-06-29_17-50-26,4.744725704193115,33.6173255443573,358482,frank,128.111.185.22,33.6173255443573,4,gcn,51874,128,3,,0.003962826043921301,1,CosineAnnealingLR,0.1,adffa_00098
99,0.8721950054168701,3,44,1719708625,checkpoint_000003,True,True,4,adffa_00099,2024-06-29_17-50-25,3.429241895675659,28.600020170211792,360103,frank,128.111.185.22,28.600020170211792,4,gat-v4,24089,"[8, 16, 12]",2,"[2, 2, 3]",0.00026140402850758786,32,LambdaLR,0.3,adffa_00099
100,0.8630407452583313,3,88,1719708639,checkpoint_000003,True,True,4,adffa_00100,2024-06-29_17-50-39,3.253518581390381,28.82526159286499,364658,frank,128.111.185.22,28.82526159286499,4,gat,20321,8,3,1,0.02131147930951733,16,ExponentialLR,0.3,adffa_00100
101,0.859645664691925,3,88,1719708643,checkpoint_000003,True,True,4,adffa_00101,2024-06-29_17-50-43,3.106146812438965,27.80414319038391,366670,frank,128.111.185.22,27.80414319038391,4,gcn,58562,8,3,,0.01681983922938323,16,ReduceLROnPlateau,0.3,adffa_00101
102,1.2978626489639282,3,88,1719708649,checkpoint_000003,True,True,4,adffa_00102,2024-06-29_17-50-49,3.049287796020508,28.52300453186035,368381,frank,128.111.185.22,28.52300453186035,4,gat-v4,6472,"[32, 64, 64]",4,"[2, 2, 3]",0.06991127413373148,16,CosineAnnealingLR,0.3,adffa_00102
103,0.828009843826294,3,44,1719708657,checkpoint_000003,True,True,4,adffa_00103,2024-06-29_17-50-57,3.210489511489868,27.189104795455933,371084,frank,128.111.185.22,27.189104795455933,4,gat,35132,128,4,1,0.000506261638022745,32,ReduceLROnPlateau,0.1,adffa_00103
104,0.8302398324012756,3,44,1719708655,checkpoint_000003,True,True,4,adffa_00104,2024-06-29_17-50-55,2.4409852027893066,24.893005847930908,371085,frank,128.111.185.22,24.893005847930908,4,gcn,50020,128,3,,0.00011741937713829966,32,StepLR,0.3,adffa_00104
105,0.7973740696907043,31,2816,1719708774,checkpoint_000031,True,True,32,adffa_00105,2024-06-29_17-52-54,3.8883562088012695,141.40463137626648,371333,frank,128.111.185.22,141.40463137626648,32,gat-v4,19537,"[64, 128, 128]",3,"[4, 4, 4]",0.00032469927704798326,4,StepLR,0.3,adffa_00105
106,205.0922088623047,3,44,1719708660,checkpoint_000003,True,True,4,adffa_00106,2024-06-29_17-51-00,2.9505929946899414,26.724180936813354,371538,frank,128.111.185.22,26.724180936813354,4,gat,15546,256,3,1,0.05319675557048177,32,ExponentialLR,0.3,adffa_00106
107,0.8348503708839417,3,352,1719708674,checkpoint_000003,True,True,4,adffa_00107,2024-06-29_17-51-14,3.571068286895752,29.601842641830444,375415,frank,128.111.185.22,29.601842641830444,4,gcn,58360,32,3,,0.000414812543345432,4,ExponentialLR,0.1,adffa_00107
108,0.8165778517723083,3,1408,1719708696,checkpoint_000003,True,True,4,adffa_00108,2024-06-29_17-51-36,8.135093212127686,47.74896430969238,375848,frank,128.111.185.22,47.74896430969238,4,gat-v4,6475,"[32, 64, 64]",4,"[2, 2, 3]",0.004838995572556872,1,LambdaLR,0.3,adffa_00108
109,1.1827139854431152,3,1408,1719708693,checkpoint_000003,True,True,4,adffa_00109,2024-06-29_17-51-33,5.832212924957275,39.0674033164978,381281,frank,128.111.185.22,39.0674033164978,4,gat,13940,256,2,2,0.006375892403588568,1,ReduceLROnPlateau,0.3,adffa_00109
110,0.9601927995681763,3,352,1719708686,checkpoint_000003,True,True,4,adffa_00110,2024-06-29_17-51-26,2.56410551071167,25.58004331588745,382417,frank,128.111.185.22,25.58004331588745,4,gcn,40875,32,2,,0.005168227033425932,4,StepLR,0.8,adffa_00110
111,0.8299546241760254,3,44,1719708688,checkpoint_000003,True,True,4,adffa_00111,2024-06-29_17-51-28,2.4042983055114746,25.025943994522095,383275,frank,128.111.185.22,25.025943994522095,4,gat-v4,45332,"[32, 64, 64]",2,"[4, 4, 4]",0.027821776822012347,32,StepLR,0.3,adffa_00111
112,0.835955798625946,3,44,1719708691,checkpoint_000003,True,True,4,adffa_00112,2024-06-29_17-51-31,2.4435439109802246,25.147236585617065,384487,frank,128.111.185.22,25.147236585617065,4,gat,18554,256,2,4,0.0010619553757447652,32,ReduceLROnPlateau,0.8,adffa_00112
113,0.8609302639961243,3,88,1719708707,checkpoint_000003,True,True,4,adffa_00113,2024-06-29_17-51-47,3.143725872039795,28.005449056625366,389079,frank,128.111.185.22,28.005449056625366,4,gcn,27473,32,4,,0.0032864474186136416,16,StepLR,0.8,adffa_00113
114,0.841792106628418,3,44,1719708720,checkpoint_000003,True,True,4,adffa_00114,2024-06-29_17-52-00,3.2243125438690186,28.79512619972229,394056,frank,128.111.185.22,28.79512619972229,4,gat-v4,5569,"[32, 64, 64]",3,"[4, 4, 4]",0.00027732146351061755,32,LambdaLR,0.3,adffa_00114
115,0.8330979347229004,3,44,1719708720,checkpoint_000003,True,True,4,adffa_00115,2024-06-29_17-52-00,2.997408390045166,26.730273723602295,394518,frank,128.111.185.22,26.730273723602295,4,gat,12960,128,4,4,0.0006479568079218931,32,ExponentialLR,0.1,adffa_00115
116,0.8143401145935059,3,1408,1719708731,checkpoint_000003,True,True,4,adffa_00116,2024-06-29_17-52-11,4.791619539260864,34.630454540252686,395048,frank,128.111.185.22,34.630454540252686,4,gcn,28658,8,3,,0.00010137563280228747,1,ExponentialLR,0.1,adffa_00116
117,0.7966479659080505,31,2816,1719708847,checkpoint_000031,True,True,32,adffa_00117,2024-06-29_17-54-07,4.171422004699707,148.96965980529785,395513,frank,128.111.185.22,148.96965980529785,32,gat-v4,13405,"[32, 64, 64]",4,"[2, 2, 3]",0.0006451840543874296,4,ExponentialLR,0.8,adffa_00117
118,1.064220905303955,3,352,1719708729,checkpoint_000003,True,True,4,adffa_00118,2024-06-29_17-52-09,3.321303606033325,28.321629524230957,396942,frank,128.111.185.22,28.321629524230957,4,gat,15662,8,4,1,0.005576548272767547,4,LambdaLR,0.1,adffa_00118
119,0.8207761645317078,3,1408,1719708748,checkpoint_000003,True,True,4,adffa_00119,2024-06-29_17-52-28,4.798464775085449,35.63109731674194,400724,frank,128.111.185.22,35.63109731674194,4,gcn,44870,32,2,,0.0009583591323082029,1,CosineAnnealingLR,0.3,adffa_00119
120,0.8059970140457153,3,352,1719708756,checkpoint_000003,True,True,4,adffa_00120,2024-06-29_17-52-36,3.959182024002075,31.28011155128479,406196,frank,128.111.185.22,31.28011155128479,4,gat-v4,16389,"[64, 128, 128]",4,"[2, 2, 3]",0.00035482938855353844,4,CosineAnnealingLR,0.3,adffa_00120
121,0.8396156430244446,3,44,1719708751,checkpoint_000003,True,True,4,adffa_00121,2024-06-29_17-52-31,2.55833101272583,25.79709529876709,406197,frank,128.111.185.22,25.79709529876709,4,gat,45110,32,3,2,0.013435495881738101,32,ReduceLROnPlateau,0.1,adffa_00121
122,0.8623592257499695,3,88,1719708760,checkpoint_000003,True,True,4,adffa_00122,2024-06-29_17-52-40,2.3362865447998047,25.186229467391968,409243,frank,128.111.185.22,25.186229467391968,4,gcn,2597,32,2,,0.0008349577040992524,16,ExponentialLR,0.3,adffa_00122
123,0.8207612633705139,3,1408,1719708783,checkpoint_000003,True,True,4,adffa_00123,2024-06-29_17-53-03,7.332327604293823,45.85953640937805,409546,frank,128.111.185.22,45.85953640937805,4,gat-v4,8955,"[32, 64, 64]",3,"[2, 3, 4]",0.00283607599726642,1,StepLR,0.1,adffa_00123
124,0.8660597205162048,3,88,1719708780,checkpoint_000003,True,True,4,adffa_00124,2024-06-29_17-53-00,2.878051280975342,26.674240112304688,414416,frank,128.111.185.22,26.674240112304688,4,gat,65186,32,3,1,0.019068418921458597,16,ReduceLROnPlateau,0.1,adffa_00124
125,0.8209324479103088,3,1408,1719708795,checkpoint_000003,True,True,4,adffa_00125,2024-06-29_17-53-15,5.764256238937378,38.94049263000488,416755,frank,128.111.185.22,38.94049263000488,4,gcn,12326,8,4,,0.0031628460135283178,1,ExponentialLR,0.1,adffa_00125
126,0.8123576045036316,3,352,1719708792,checkpoint_000003,True,True,4,adffa_00126,2024-06-29_17-53-12,3.593489408493042,29.948651790618896,418540,frank,128.111.185.22,29.948651790618896,4,gat-v4,55465,"[32, 64, 64]",2,"[2, 3, 4]",0.030318894443265985,4,ReduceLROnPlateau,0.3,adffa_00126
127,0.8599446415901184,3,88,1719708793,checkpoint_000003,True,True,4,adffa_00127,2024-06-29_17-53-13,3.059074878692627,27.683940887451172,419020,frank,128.111.185.22,27.683940887451172,4,gat,33730,256,2,4,0.00175921083865833,16,ReduceLROnPlateau,0.8,adffa_00127
128,0.883220374584198,3,88,1719708805,checkpoint_000003,True,True,4,adffa_00128,2024-06-29_17-53-25,2.433546543121338,25.692479372024536,423344,frank,128.111.185.22,25.692479372024536,4,gcn,20514,8,3,,0.006868028256524021,16,StepLR,0.1,adffa_00128
129,0.8283527493476868,3,44,1719708815,checkpoint_000003,True,True,4,adffa_00129,2024-06-29_17-53-35,3.7212841510772705,29.472059965133667,426523,frank,128.111.185.22,29.472059965133667,4,gat-v4,39446,"[64, 128, 128]",3,"[4, 4, 4]",0.001844978126954128,32,ReduceLROnPlateau,0.3,adffa_00129
130,0.8384499549865723,3,44,1719708814,checkpoint_000003,True,True,4,adffa_00130,2024-06-29_17-53-34,2.790900230407715,25.834070444107056,427087,frank,128.111.185.22,25.834070444107056,4,gat,39016,32,2,1,0.002586564371932807,32,StepLR,0.3,adffa_00130
131,0.8333425521850586,3,1408,1719708833,checkpoint_000003,True,True,4,adffa_00131,2024-06-29_17-53-53,5.149897575378418,36.45731067657471,428710,frank,128.111.185.22,36.45731067657471,4,gcn,23608,8,4,,0.011808518172064643,1,StepLR,0.3,adffa_00131
132,0.8629364967346191,3,88,1719708830,checkpoint_000003,True,True,4,adffa_00132,2024-06-29_17-53-50,3.8303561210632324,30.93345355987549,430058,frank,128.111.185.22,30.93345355987549,4,gat-v4,2740,"[64, 128, 128]",2,"[4, 4, 4]",0.0017588584455756947,16,StepLR,0.1,adffa_00132
133,0.8742921352386475,3,88,1719708829,checkpoint_000003,True,True,4,adffa_00133,2024-06-29_17-53-49,3.0558111667633057,28.3133282661438,430381,frank,128.111.185.22,28.3133282661438,4,gat,22053,32,3,2,0.00047114816830306306,16,CosineAnnealingLR,0.8,adffa_00133
134,8.4992036819458,3,88,1719708835,checkpoint_000003,True,True,4,adffa_00134,2024-06-29_17-53-55,2.2998385429382324,24.611876010894775,434092,frank,128.111.185.22,24.611876010894775,4,gcn,53516,8,2,,0.0007008939753612436,16,ReduceLROnPlateau,0.8,adffa_00134
135,0.857484757900238,3,44,1719708847,checkpoint_000003,True,True,4,adffa_00135,2024-06-29_17-54-07,3.343005895614624,27.918253421783447,437636,frank,128.111.185.22,27.918253421783447,4,gat-v4,57289,"[64, 128, 128]",4,"[2, 3, 4]",0.0006990676867513933,32,ExponentialLR,0.3,adffa_00135
136,0.9598290324211121,3,44,1719708854,checkpoint_000003,True,True,4,adffa_00136,2024-06-29_17-54-14,4.457983732223511,32.711567878723145,438926,frank,128.111.185.22,32.711567878723145,4,gat,32920,256,4,4,0.028510789892795676,32,ExponentialLR,0.1,adffa_00136
137,0.8925571441650391,3,352,1719708864,checkpoint_000003,True,True,4,adffa_00137,2024-06-29_17-54-24,3.052117347717285,29.02875065803528,442536,frank,128.111.185.22,29.02875065803528,4,gcn,31123,32,3,,0.0020711628172345974,4,StepLR,0.8,adffa_00137
138,0.8593955039978027,3,88,1719708865,checkpoint_000003,True,True,4,adffa_00138,2024-06-29_17-54-25,3.3368277549743652,29.580350399017334,442537,frank,128.111.185.22,29.580350399017334,4,gat-v4,21378,"[8, 16, 12]",3,"[2, 2, 3]",0.000123821217120358,16,StepLR,0.1,adffa_00138
139,0.8621585965156555,3,88,1719708865,checkpoint_000003,True,True,4,adffa_00139,2024-06-29_17-54-25,2.829233407974243,26.659218549728394,444164,frank,128.111.185.22,26.659218549728394,4,gat,16377,8,2,4,0.0033567494186107936,16,StepLR,0.8,adffa_00139
140,0.8977868556976318,3,88,1719708866,checkpoint_000003,True,True,4,adffa_00140,2024-06-29_17-54-26,2.4570627212524414,25.574329137802124,445819,frank,128.111.185.22,25.574329137802124,4,gcn,62401,32,4,,0.0004845309533316045,16,ReduceLROnPlateau,0.3,adffa_00140
141,122.98787689208984,3,1408,1719708899,checkpoint_000003,True,True,4,adffa_00141,2024-06-29_17-54-59,7.652987003326416,46.7852246761322,447419,frank,128.111.185.22,46.7852246761322,4,gat-v4,65459,"[32, 64, 64]",3,"[4, 4, 4]",0.09165770537292303,1,ReduceLROnPlateau,0.8,adffa_00141
142,0.859014630317688,3,1408,1719708890,checkpoint_000003,True,True,4,adffa_00142,2024-06-29_17-54-50,5.473309278488159,38.03187417984009,447420,frank,128.111.185.22,38.03187417984009,4,gat,13715,256,2,2,0.023596378354274392,1,ReduceLROnPlateau,0.8,adffa_00142
143,0.9868767261505127,3,1408,1719708894,checkpoint_000003,True,True,4,adffa_00143,2024-06-29_17-54-54,4.609112977981567,34.437819957733154,451668,frank,128.111.185.22,34.437819957733154,4,gcn,34124,128,2,,0.0021176289806736585,1,LambdaLR,0.3,adffa_00143
144,0.8462891578674316,3,44,1719708896,checkpoint_000003,True,True,4,adffa_00144,2024-06-29_17-54-56,2.9056568145751953,26.875965356826782,454593,frank,128.111.185.22,26.875965356826782,4,gat-v4,61381,"[8, 16, 12]",2,"[2, 3, 4]",0.0016981279651024893,32,CosineAnnealingLR,0.1,adffa_00144
145,0.9119508862495422,3,88,1719708899,checkpoint_000003,True,True,4,adffa_00145,2024-06-29_17-54-59,3.1215479373931885,27.479341745376587,455449,frank,128.111.185.22,27.479341745376587,4,gat,64734,128,3,2,0.016971585914704528,16,StepLR,0.1,adffa_00145
146,0.8386801481246948,3,1408,1719708905,checkpoint_000003,True,True,4,adffa_00146,2024-06-29_17-55-05,4.6922688484191895,34.37119960784912,455479,frank,128.111.185.22,34.37119960784912,4,gcn,51950,128,2,,0.0014959450831966083,1,LambdaLR,0.1,adffa_00146
147,0.8646755814552307,3,88,1719708899,checkpoint_000003,True,True,4,adffa_00147,2024-06-29_17-54-59,2.7047252655029297,26.187734365463257,457332,frank,128.111.185.22,26.187734365463257,4,gat-v4,44001,"[8, 16, 12]",3,"[2, 3, 4]",0.0067401880206408695,16,ExponentialLR,0.1,adffa_00147
148,0.935833752155304,3,352,1719708924,checkpoint_000003,True,True,4,adffa_00148,2024-06-29_17-55-24,3.3650801181793213,28.72205352783203,465748,frank,128.111.185.22,28.72205352783203,4,gat,16474,256,2,2,0.0005034642232629854,4,CosineAnnealingLR,0.1,adffa_00148
149,0.7955631613731384,99,8800,1719709247,checkpoint_000099,True,True,100,adffa_00149,2024-06-29_18-00-47,3.359271287918091,347.15033888816833,466622,frank,128.111.185.22,347.15033888816833,100,gcn,48983,32,2,,0.0022975039728898657,4,LambdaLR,0.3,adffa_00149
150,0.8300222158432007,3,1408,1719708950,checkpoint_000003,True,True,4,adffa_00150,2024-06-29_17-55-50,8.049129247665405,48.763444900512695,467107,frank,128.111.185.22,48.763444900512695,4,gat-v4,15017,"[8, 16, 12]",2,"[2, 2, 3]",0.0025092217949863674,1,CosineAnnealingLR,0.3,adffa_00150
151,0.8961719870567322,3,1408,1719708945,checkpoint_000003,True,True,4,adffa_00151,2024-06-29_17-55-45,6.270194053649902,41.34019112586975,467538,frank,128.111.185.22,41.34019112586975,4,gat,63240,256,3,2,0.0005258766680200015,1,LambdaLR,0.8,adffa_00151
152,0.8278672695159912,3,352,1719708932,checkpoint_000003,True,True,4,adffa_00152,2024-06-29_17-55-32,3.1157214641571045,28.102888107299805,467539,frank,128.111.185.22,28.102888107299805,4,gcn,40764,32,4,,0.07463786452388024,4,StepLR,0.1,adffa_00152
153,6.035003185272217,3,1408,1719708950,checkpoint_000003,True,True,4,adffa_00153,2024-06-29_17-55-50,8.0331552028656,46.401695728302,467572,frank,128.111.185.22,46.401695728302,4,gat-v4,63732,"[64, 128, 128]",3,"[4, 4, 4]",0.04408531497716585,1,StepLR,0.8,adffa_00153
154,7.02512264251709,3,352,1719708941,checkpoint_000003,True,True,4,adffa_00154,2024-06-29_17-55-41,3.809253454208374,29.947699546813965,468819,frank,128.111.185.22,29.947699546813965,4,gat,56662,128,4,4,0.09262068620354848,4,ExponentialLR,0.8,adffa_00154
155,0.922954797744751,3,44,1719708956,checkpoint_000003,True,True,4,adffa_00155,2024-06-29_17-55-56,2.996330738067627,27.094011068344116,477690,frank,128.111.185.22,27.094011068344116,4,gcn,28229,32,2,,0.01052842371516626,32,CosineAnnealingLR,0.3,adffa_00155
156,0.7956316471099854,99,8800,1719709428,checkpoint_000099,True,True,100,adffa_00156,2024-06-29_18-03-48,5.510910987854004,490.0306751728058,480444,frank,128.111.185.22,490.0306751728058,100,gat-v4,4546,"[8, 16, 12]",2,"[2, 3, 4]",0.009993424562793292,4,CosineAnnealingLR,0.3,adffa_00156
157,0.7943644523620605,31,2816,1719709092,checkpoint_000031,True,True,32,adffa_00157,2024-06-29_17-58-12,4.107510328292847,145.4860053062439,482017,frank,128.111.185.22,145.4860053062439,32,gat,8204,32,4,2,0.01762786960463288,4,StepLR,0.1,adffa_00157
158,0.8597987294197083,3,88,1719708975,checkpoint_000003,True,True,4,adffa_00158,2024-06-29_17-56-15,2.1407158374786377,23.685553073883057,483850,frank,128.111.185.22,23.685553073883057,4,gcn,32013,8,2,,0.015816432161004108,16,LambdaLR,0.3,adffa_00158
159,0.7942965030670166,31,2816,1719709097,checkpoint_000031,True,True,32,adffa_00159,2024-06-29_17-58-17,3.76910138130188,142.01887106895447,484490,frank,128.111.185.22,142.01887106895447,32,gat-v4,32200,"[8, 16, 12]",3,"[2, 2, 3]",0.04354513527850744,4,ExponentialLR,0.1,adffa_00159
160,0.8585355281829834,3,352,1719708986,checkpoint_000003,True,True,4,adffa_00160,2024-06-29_17-56-26,3.6550450325012207,29.397319078445435,485211,frank,128.111.185.22,29.397319078445435,4,gat,15451,256,3,2,0.003970139295551551,4,CosineAnnealingLR,0.3,adffa_00160
161,0.8722218871116638,3,88,1719708985,checkpoint_000003,True,True,4,adffa_00161,2024-06-29_17-56-25,2.138627052307129,23.773272275924683,486613,frank,128.111.185.22,23.773272275924683,4,gcn,24128,32,2,,0.004840878280909404,16,ExponentialLR,0.8,adffa_00161
162,0.8393449187278748,3,44,1719709006,checkpoint_000003,True,True,4,adffa_00162,2024-06-29_17-56-46,2.7145917415618896,26.12677240371704,495491,frank,128.111.185.22,26.12677240371704,4,gat-v4,62567,"[8, 16, 12]",2,"[2, 2, 3]",0.0011846771621972765,32,ExponentialLR,0.3,adffa_00162
163,0.890192985534668,3,44,1719709017,checkpoint_000003,True,True,4,adffa_00163,2024-06-29_17-56-57,2.603118658065796,26.475791454315186,497869,frank,128.111.185.22,26.475791454315186,4,gat,13588,128,2,2,0.0009005756127810015,32,LambdaLR,0.1,adffa_00163
164,0.8290162086486816,3,44,1719709017,checkpoint_000003,True,True,4,adffa_00164,2024-06-29_17-56-57,2.3334968090057373,24.58354687690735,498374,frank,128.111.185.22,24.58354687690735,4,gcn,13012,32,3,,0.010252432317852254,32,ExponentialLR,0.8,adffa_00164
165,0.8088458776473999,3,352,1719709042,checkpoint_000003,True,True,4,adffa_00165,2024-06-29_17-57-22,3.8497931957244873,30.394941329956055,505382,frank,128.111.185.22,30.394941329956055,4,gat-v4,61310,"[64, 128, 128]",4,"[2, 2, 3]",0.000370400287641469,4,ExponentialLR,0.3,adffa_00165
166,0.8333236575126648,3,44,1719709046,checkpoint_000003,True,True,4,adffa_00166,2024-06-29_17-57-26,2.1791422367095947,24.047099828720093,507671,frank,128.111.185.22,24.047099828720093,4,gat,17190,32,3,4,0.0005111494496835133,32,CosineAnnealingLR,0.8,adffa_00166
167,0.8338298797607422,3,44,1719709048,checkpoint_000003,True,True,4,adffa_00167,2024-06-29_17-57-28,2.8170909881591797,26.48275899887085,507680,frank,128.111.185.22,26.48275899887085,4,gcn,20397,32,3,,0.00023892985333879926,32,StepLR,0.1,adffa_00167
168,0.796114444732666,31,2816,1719709177,checkpoint_000031,True,True,32,adffa_00168,2024-06-29_17-59-37,3.514422655105591,128.80805730819702,516295,frank,128.111.185.22,128.80805730819702,32,gat-v4,30538,"[32, 64, 64]",2,"[2, 2, 3]",0.0012908770135933352,4,ReduceLROnPlateau,0.1,adffa_00168
169,0.9009258151054382,3,44,1719709076,checkpoint_000003,True,True,4,adffa_00169,2024-06-29_17-57-56,2.47906756401062,24.457996368408203,516885,frank,128.111.185.22,24.457996368408203,4,gat,19458,128,2,1,0.0008319949345603164,32,StepLR,0.8,adffa_00169
170,0.9042356014251709,3,352,1719709079,checkpoint_000003,True,True,4,adffa_00170,2024-06-29_17-57-59,2.7012336254119873,25.218880653381348,517672,frank,128.111.185.22,25.218880653381348,4,gcn,254,8,3,,0.0006584612856994988,4,ReduceLROnPlateau,0.1,adffa_00170
171,0.8661823272705078,3,44,1719709109,checkpoint_000003,True,True,4,adffa_00171,2024-06-29_17-58-29,3.010991096496582,27.221391439437866,527068,frank,128.111.185.22,27.221391439437866,4,gat-v4,1320,"[64, 128, 128]",2,"[2, 3, 4]",0.05284683960154956,32,LambdaLR,0.1,adffa_00171
172,0.8311153054237366,3,1408,1719709123,checkpoint_000003,True,True,4,adffa_00172,2024-06-29_17-58-43,5.63236665725708,37.89188885688782,528019,frank,128.111.185.22,37.89188885688782,4,gat,59317,32,2,1,0.0004535692305436135,1,StepLR,0.1,adffa_00172
173,0.8159226179122925,3,1408,1719709131,checkpoint_000003,True,True,4,adffa_00173,2024-06-29_17-58-51,4.315072298049927,33.66222953796387,530722,frank,128.111.185.22,33.66222953796387,4,gcn,36283,32,2,,0.0006950401416694344,1,LambdaLR,0.1,adffa_00173
174,16.113788604736328,3,44,1719709129,checkpoint_000003,True,True,4,adffa_00174,2024-06-29_17-58-49,2.948312997817993,26.649715185165405,532743,frank,128.111.185.22,26.649715185165405,4,gat-v4,28194,"[32, 64, 64]",2,"[2, 3, 4]",0.0960473035536496,32,ReduceLROnPlateau,0.8,adffa_00174
175,1.0035159587860107,3,88,1719709141,checkpoint_000003,True,True,4,adffa_00175,2024-06-29_17-59-01,3.075317621231079,27.217139720916748,536146,frank,128.111.185.22,27.217139720916748,4,gat,53345,128,4,2,0.038768555297301624,16,ExponentialLR,0.3,adffa_00175
176,0.8634880185127258,3,88,1719709154,checkpoint_000003,True,True,4,adffa_00176,2024-06-29_17-59-14,2.9536402225494385,26.180325984954834,541114,frank,128.111.185.22,26.180325984954834,4,gcn,13113,128,3,,0.023816641233767456,16,ReduceLROnPlateau,0.8,adffa_00176
177,1.1383835077285767,3,44,1719709160,checkpoint_000003,True,True,4,adffa_00177,2024-06-29_17-59-20,2.642613410949707,26.299031257629395,543450,frank,128.111.185.22,26.299031257629395,4,gat-v4,36941,"[8, 16, 12]",2,"[4, 4, 4]",0.03543951702816533,32,ReduceLROnPlateau,0.8,adffa_00177
178,0.8604838848114014,3,88,1719709163,checkpoint_000003,True,True,4,adffa_00178,2024-06-29_17-59-23,2.860633611679077,26.735048532485962,543918,frank,128.111.185.22,26.735048532485962,4,gat,5205,128,3,1,0.00015609752576381994,16,CosineAnnealingLR,0.1,adffa_00178
179,0.7967877388000488,31,2816,1719709271,checkpoint_000031,True,True,32,adffa_00179,2024-06-29_18-01-11,3.4799375534057617,124.64441108703613,545941,frank,128.111.185.22,124.64441108703613,32,gcn,14810,8,3,,0.020674246052376343,4,ExponentialLR,0.3,adffa_00179
